id,name,model_id,group_id/id,operation,domain
access_partner_asset_user,partner.asset.user,partner.asset,group_partner_asset_user,cru,
access_partner_asset_manager,partner.asset.manager,partner.asset,group_partner_asset_manager,crud,
access_partner_asset_stage_user,partner.asset.stage.user,partner.asset.stage,group_partner_asset_user,r,
access_partner_asset_stage_manager,partner.asset.stage.manager,partner.asset.stage,group_partner_asset_manager,crud,
access_partner_asset_custom_module_user,partner.asset.custom.module.user,partner.asset.custom.module,group_partner_asset_user,cru,
access_partner_asset_custom_module_manager,partner.asset.custom.module.manager,partner.asset.custom.module,group_partner_asset_manager,crud,
access_partner_asset_portal,partner.asset.portal,partner.asset,base.group_portal,r,"[('partner_id', 'child_of', user.partner_id.commercial_partner_id.id)]"
access_partner_asset_tag_user,partner.asset.tag.user,partner.asset.tag,group_partner_asset_user,cru,
access_partner_asset_tag_manager,partner.asset.tag.manager,partner.asset.tag,group_partner_asset_manager,crud,
access_partner_asset_cred_log_manager,partner.asset.credential.log.manager,partner.asset.credential.log,group_partner_asset_manager,r,
access_partner_hosting_provider_user,partner.hosting.provider.user,partner.hosting.provider,group_partner_asset_user,cru,
access_partner_hosting_provider_manager,partner.hosting.provider.manager,partner.hosting.provider,group_partner_asset_manager,crud,
access_infrastructure_command_wizard_admin,partner.infrastructure.command.wizard.admin,partner.infrastructure.command.wizard,group_partner_server_admin,crud,
access_ts_partner_app_demo_import_wizard_manager,ts.partner.app.demo.import.wizard.manager,ts.partner.app.demo.import.wizard,group_partner_asset_manager,crud,
access_partner_infrastructure_user,partner.infrastructure.user,partner.infrastructure,group_partner_asset_user,cru,
access_partner_infrastructure_manager,partner.infrastructure.manager,partner.infrastructure,group_partner_asset_manager,crud,
access_partner_environment_user,partner.environment.user,partner.environment,group_partner_asset_user,cru,
access_partner_environment_manager,partner.environment.manager,partner.environment,group_partner_asset_manager,crud,
access_partner_environment_portal,partner.environment.portal,partner.environment,base.group_portal,r,"[('partner_id', 'child_of', user.partner_id.commercial_partner_id.id)]"
access_partner_environment_platform_user,partner.environment.platform.user,partner.environment.platform,group_partner_asset_user,r,
access_partner_environment_platform_manager,partner.environment.platform.manager,partner.environment.platform,group_partner_asset_manager,crud,
access_partner_environment_platform_internal,partner.environment.platform.internal,partner.environment.platform,base.group_user,r,
access_partner_asset_native_module_user,partner.asset.native.module.user,partner.asset.native.module,group_partner_asset_user,cru,
access_partner_asset_native_module_manager,partner.asset.native.module.manager,partner.asset.native.module,group_partner_asset_manager,crud,
access_partner_project_template_task_user,partner.project.template.task.user,partner.project.template.task,group_partner_asset_user,cru,
access_partner_project_template_task_manager,partner.project.template.task.manager,partner.project.template.task,group_partner_asset_manager,crud,
access_partner_project_template_wizard_user,partner.project.template.wizard.user,partner.project.template.wizard,group_partner_asset_user,crud,
access_partner_project_template_wizard_manager,partner.project.template.wizard.manager,partner.project.template.wizard,group_partner_asset_manager,crud,
access_partner_project_template_wizard_line_user,partner.project.template.wizard.line.user,partner.project.template.wizard.line,group_partner_asset_user,crud,
access_partner_project_template_wizard_line_manager,partner.project.template.wizard.line.manager,partner.project.template.wizard.line,group_partner_asset_manager,crud,
access_partner_project_template_task_import_wizard_manager,partner.project.template.task.import.wizard.manager,partner.project.template.task.import.wizard,group_partner_asset_manager,crud,
access_partner_sale_offer_wizard_user,partner.sale.offer.wizard.user,partner.sale.offer.wizard,group_partner_asset_user,crud,
access_partner_sale_offer_wizard_manager,partner.sale.offer.wizard.manager,partner.sale.offer.wizard,group_partner_asset_manager,crud,
access_partner_sale_offer_wizard_line_user,partner.sale.offer.wizard.line.user,partner.sale.offer.wizard.line,group_partner_asset_user,crud,
access_partner_sale_offer_wizard_line_manager,partner.sale.offer.wizard.line.manager,partner.sale.offer.wizard.line,group_partner_asset_manager,crud,
access_partner_asset_task_link_wizard_user,partner.asset.task.link.wizard.user,partner.asset.task.link.wizard,group_partner_asset_user,crud,
access_partner_asset_task_link_wizard_manager,partner.asset.task.link.wizard.manager,partner.asset.task.link.wizard,group_partner_asset_manager,crud,
access_odoo_version_user,odoo.version.user,odoo.version,group_partner_asset_user,r,
access_odoo_version_manager,odoo.version.manager,odoo.version,group_partner_asset_manager,crud,
access_odoo_version_portal,odoo.version.portal,odoo.version,base.group_portal,r,
access_odoo_version_internal,odoo.version.internal,odoo.version,base.group_user,r,
partner_asset_rule_company,Partner Asset: multi-company,partner.asset,,crud,"['|', ('company_id', '=', False), ('company_id', 'in', company_ids)]"
partner_infrastructure_rule_company,Client Infrastructure: multi-company,partner.infrastructure,,crud,"['|', ('company_id', '=', False), ('company_id', 'in', company_ids)]"
partner_environment_rule_company,Client Environment: multi-company,partner.environment,,crud,"['|', ('company_id', '=', False), ('company_id', 'in', company_ids)]"
